Workbook

Sheet Master_data
A1: Airline | B1: Region | C1: Data_basis | D1: Year | E1: Revenue_(USD)_billion | F1: Passengers_Million | G1: Load_Factor_Percent | H1: Fleet_Size | I1: Destinations_Count | J1: Network_Notes | K1: Source
A2: Indigo | B2: India | C2: FY (Apr - Mar) | D2: 2019 | E2: 3.8 | F2: 64.7 | G2: 0.862 | H2: 217 | I2: 68 | J2: Pre-COVID domestic-focused network with limited international exposure | K2: IndiGo Annual Report
A3: indigo | B3: India | C3: FY (Apr - Mar) | D3: 2020 | E3: 4.77 | F3: 75 | G3: 0.858 | H3: 262 | I3: 86 | J3: Expanded domestic and international network before COVID disruption | K3: IndiGo Annual Report
A4: Indigo | B4: India | C4: FY (Apr - Mar) | D4: 2021 | E4: 1.95 | F4: 30.7 | G4: 0.694 | H4: 285 | I4: 65 | J4: Network contraction due to COVID restrictions | K4: IndiGo Annual Report
A5: Indigo | B5: India | C5: FY (Apr - Mar) | D5: 2022 | E5: 3.4 | F5: 49.8 | G5: 0.736 | H5: 275 | I5: 88 | J5: Gradual restoration of domestic and international routes | K5: IndiGo Annual Report
A6: Indigo | B6: India | C6: FY (Apr - Mar) | D6: 2023 | E6: 7.26 | F6: 85.6 | G6: 0.821 | H6: 304 | I6: 100 | J6: Post-COVID domestic and international network expansion | K6: IndiGo Annual Report
A7: Indigo | B7: India | C7: FY (Apr - Mar) | D7: 2024 | E7: 9.19 | F7: 106.7 | G7: 0.859 | H7: 367 | I7: 118 | J7: Strong post-COVID domestic and international expansion | K7: IndiGo Annual Report
A8: Indigo | B8: India | C8: FY (Apr - Mar) | D8: 2025 | E8: 10.77 | F8: 118.6 | G8: 0.86 | H8: 434 | I8: 128 | J8: Continued network expansion with new domestic and international routes | K8: IndiGo Annual Report
A9: Air India | B9: India | C9: FY (Apr - Mar) | D9: 2019 | E9: 3.53 | F9: 22.1 | G9: 0.79 | H9: 125 | I9: 107 | J9: Pre-pandemic peak under Govt ownership. | K9: Air India Annual Report
A10: Air India | B10: India | C10: FY (Apr - Mar) | D10: 2020 | E10: 3.8 | F10: 22.5 | G10: 0.798 | H10: 121 | I10: 108 | J10: Added Doha and Dubai (from more cities). | K10: Air India Annual Report
A11: Air India | B11: India | C11: FY (Apr - Mar) | D11: 2021 | E11: 1.61 | F11: 6.3 | G11: 0.684 | H11: 121 | I11: 78 | J11: Scaled back due to COVID; focus on "Vande Bharat" flights. | K11: Air India Annual Report
A12: Air India | B12: India | C12: FY (Apr - Mar) | D12: 2022 | E12: 2.64 | F12: 11.5 | G12: 0.735 | H12: 113 | I12: 86 | J12: Gradual resumption; focus on UK/US "Air Bubbles." | K12: Air India Annual Report
A13: Air India | B13: India | C13: FY (Apr - Mar) | D13: 2023 | E13: 4.18 | F13: 18.5 | G13: 0.819 | H13: 122 | I13: 90 | J13: Privatization year; resumed Milan, Vienna, Copenhagen. | K13: Air India Annual Report
... A43: Etihad Airways | B43: Gulf | C43: CY(Jan - Dec) | D43: 2025 | E43: 7.8 | F43: 22 | G43: 0.88 | H43: 117 | I43: 91 | J43: New growth peak | K43: Etihad Airways Annual Report

Sheet Recovery Index Sheet
A1: Airline | B1: Year | C1: Revenue_recovery_index | D1: Passenger_recovery_index | E1: Fleet_index_recovery | F1: Composite_recovery_index | J1: india | K1: gulf
A2: Indigo | B2: 2019 | C2: {=IFERROR( ( _xlfn.XLOOKUP(1, (Master_data!$A:$A=$A2)* (Master_data!$D:$D=$B2), Master_data!$E:$E ) / _xlfn.XLOOKUP(1, (Master_data!$A:$A=$A2)* (Master_data!$D:$D=2019), Master_data!$E:$E ) )*100, "" )} -> 100 | D2: {=IFERROR( ( _xlfn.XLOOKUP(1, (Master_data!$A:$A=$A2)* (Master_data!$D:$D=$B2), Master_data!$F:$F ) / _xlfn.XLOOKUP(1, (Master_data!$A:$A=$A2)* (Master_data!$D:$D=2019), Master_data!$F:$F ) )*100, "" )} -> 100 | E2: {=IFERROR( ( _xlfn.XLOOKUP(1, (Master_data!$A:$A=$A2)* (Master_data!$D:$D=$B2), Master_data!$H:$H ) / _xlfn.XLOOKUP(1, (Master_data!$A:$A=$A2)* (Master_data!$D:$D=2019), Master_data!$H:$H ) )*100, "" )} -> 100 | F2: =IFERROR(AVERAGE(C2,D2),"") -> 100 | I2: averages of composte recovery index | J2: =AVERAGE(F8,F15,F22) -> 165.06665 | K2: =AVERAGE(F29,F36,F43) -> 135.39937
A3: indigo | B3: 2020 | C3: {=IFERROR( ( _xlfn.XLOOKUP(1, (Master_data!$A:$A=$A3)* (Master_data!$D:$D=$B3), Master_data!$E:$E ) / _xlfn.XLOOKUP(1, (Master_data!$A:$A=$A3)* (Master_data!$D:$D=2019), Master_data!$E:$E ) )*100, "" )} -> 125.52632 | D3: {=IFERROR( ( _xlfn.XLOOKUP(1, (Master_data!$A:$A=$A3)* (Master_data!$D:$D=$B3), Master_data!$F:$F ) / _xlfn.XLOOKUP(1, (Master_data!$A:$A=$A3)* (Master_data!$D:$D=2019), Master_data!$F:$F ) )*100, "" )} -> 115.91963 | E3: {=IFERROR( ( _xlfn.XLOOKUP(1, (Master_data!$A:$A=$A3)* (Master_data!$D:$D=$B3), Master_data!$H:$H ) / _xlfn.XLOOKUP(1, (Master_data!$A:$A=$A3)* (Master_data!$D:$D=2019), Master_data!$H:$H ) )*100, "" )} -> 120.73733 | F3: =IFERROR(AVERAGE(C3,D3),"") -> 120.72297
A4: Indigo | B4: 2021 | C4: {=IFERROR( ( _xlfn.XLOOKUP(1, (Master_data!$A:$A=$A4)* (Master_data!$D:$D=$B4), Master_data!$E:$E ) / _xlfn.XLOOKUP(1, (Master_data!$A:$A=$A4)* (Master_data!$D:$D=2019), Master_data!$E:$E ) )*100, "" )} -> 51.315789 | D4: {=IFERROR( ( _xlfn.XLOOKUP(1, (Master_data!$A:$A=$A4)* (Master_data!$D:$D=$B4), Master_data!$F:$F ) / _xlfn.XLOOKUP(1, (Master_data!$A:$A=$A4)* (Master_data!$D:$D=2019), Master_data!$F:$F ) )*100, "" )} -> 47.449768 | E4: {=IFERROR( ( _xlfn.XLOOKUP(1, (Master_data!$A:$A=$A4)* (Master_data!$D:$D=$B4), Master_data!$H:$H ) / _xlfn.XLOOKUP(1, (Master_data!$A:$A=$A4)* (Master_data!$D:$D=2019), Master_data!$H:$H ) )*100, "" )} -> 131.33641 | F4: =IFERROR(AVERAGE(C4,D4),"") -> 49.382779
A5: Indigo | B5: 2022 | C5: {=IFERROR( ( _xlfn.XLOOKUP(1, (Master_data!$A:$A=$A5)* (Master_data!$D:$D=$B5), Master_data!$E:$E ) / _xlfn.XLOOKUP(1, (Master_data!$A:$A=$A5)* (Master_data!$D:$D=2019), Master_data!$E:$E ) )*100, "" )} -> 89.473684 | D5: {=IFERROR( ( _xlfn.XLOOKUP(1, (Master_data!$A:$A=$A5)* (Master_data!$D:$D=$B5), Master_data!$F:$F ) / _xlfn.XLOOKUP(1, (Master_data!$A:$A=$A5)* (Master_data!$D:$D=2019), Master_data!$F:$F ) )*100, "" )} -> 76.970634 | E5: {=IFERROR( ( _xlfn.XLOOKUP(1, (Master_data!$A:$A=$A5)* (Master_data!$D:$D=$B5), Master_data!$H:$H ) / _xlfn.XLOOKUP(1, (Master_data!$A:$A=$A5)* (Master_data!$D:$D=2019), Master_data!$H:$H ) )*100, "" )} -> 126.72811 | F5: =IFERROR(AVERAGE(C5,D5),"") -> 83.222159
A6: Indigo | B6: 2023 | C6: {=IFERROR( ( _xlfn.XLOOKUP(1, (Master_data!$A:$A=$A6)* (Master_data!$D:$D=$B6), Master_data!$E:$E ) / _xlfn.XLOOKUP(1, (Master_data!$A:$A=$A6)* (Master_data!$D:$D=2019), Master_data!$E:$E ) )*100, "" )} -> 191.05263 | D6: {=IFERROR( ( _xlfn.XLOOKUP(1, (Master_data!$A:$A=$A6)* (Master_data!$D:$D=$B6), Master_data!$F:$F ) / _xlfn.XLOOKUP(1, (Master_data!$A:$A=$A6)* (Master_data!$D:$D=2019), Master_data!$F:$F ) )*100, "" )} -> 132.30294 | E6: {=IFERROR( ( _xlfn.XLOOKUP(1, (Master_data!$A:$A=$A6)* (Master_data!$D:$D=$B6), Master_data!$H:$H ) / _xlfn.XLOOKUP(1, (Master_data!$A:$A=$A6)* (Master_data!$D:$D=2019), Master_data!$H:$H ) )*100, "" )} -> 140.09217 | F6: =IFERROR(AVERAGE(C6,D6),"") -> 161.67778
A7: Indigo | B7: 2024 | C7: {=IFERROR( ( _xlfn.XLOOKUP(1, (Master_data!$A:$A=$A7)* (Master_data!$D:$D=$B7), Master_data!$E:$E ) / _xlfn.XLOOKUP(1, (Master_data!$A:$A=$A7)* (Master_data!$D:$D=2019), Master_data!$E:$E ) )*100, "" )} -> 241.84211 | D7: {=IFERROR( ( _xlfn.XLOOKUP(1, (Master_data!$A:$A=$A7)* (Master_data!$D:$D=$B7), Master_data!$F:$F ) / _xlfn.XLOOKUP(1, (Master_data!$A:$A=$A7)* (Master_data!$D:$D=2019), Master_data!$F:$F ) )*100, "" )} -> 164.91499 | E7: {=IFERROR( ( _xlfn.XLOOKUP(1, (Master_data!$A:$A=$A7)* (Master_data!$D:$D=$B7), Master_data!$H:$H ) / _xlfn.XLOOKUP(1, (Master_data!$A:$A=$A7)* (Master_data!$D:$D=2019), Master_data!$H:$H ) )*100, "" )} -> 169.12442 | F7: =IFERROR(AVERAGE(C7,D7),"") -> 203.37855
A8: Indigo | B8: 2025 | C8: {=IFERROR( ( _xlfn.XLOOKUP(1, (Master_data!$A:$A=$A8)* (Master_data!$D:$D=$B8), Master_data!$E:$E ) / _xlfn.XLOOKUP(1, (Master_data!$A:$A=$A8)* (Master_data!$D:$D=2019), Master_data!$E:$E ) )*100, "" )} -> 283.42105 | D8: {=IFERROR( ( _xlfn.XLOOKUP(1, (Master_data!$A:$A=$A8)* (Master_data!$D:$D=$B8), Master_data!$F:$F ) / _xlfn.XLOOKUP(1, (Master_data!$A:$A=$A8)* (Master_data!$D:$D=2019), Master_data!$F:$F ) )*100, "" )} -> 183.30757 | E8: {=IFERROR( ( _xlfn.XLOOKUP(1, (Master_data!$A:$A=$A8)* (Master_data!$D:$D=$B8), Master_data!$H:$H ) / _xlfn.XLOOKUP(1, (Master_data!$A:$A=$A8)* (Master_data!$D:$D=2019), Master_data!$H:$H ) )*100, "" )} -> 200 | F8: =IFERROR(AVERAGE(C8,D8),"") -> 233.36431
A9: Air India | B9: 2019 | C9: {=IFERROR( ( _xlfn.XLOOKUP(1, (Master_data!$A:$A=$A9)* (Master_data!$D:$D=$B9), Master_data!$E:$E ) / _xlfn.XLOOKUP(1, (Master_data!$A:$A=$A9)* (Master_data!$D:$D=2019), Master_data!$E:$E ) )*100, "" )} -> 100 | D9: {=IFERROR( ( _xlfn.XLOOKUP(1, (Master_data!$A:$A=$A9)* (Master_data!$D:$D=$B9), Master_data!$F:$F ) / _xlfn.XLOOKUP(1, (Master_data!$A:$A=$A9)* (Master_data!$D:$D=2019), Master_data!$F:$F ) )*100, "" )} -> 100 | E9: {=IFERROR( ( _xlfn.XLOOKUP(1, (Master_data!$A:$A=$A9)* (Master_data!$D:$D=$B9), Master_data!$H:$H ) / _xlfn.XLOOKUP(1, (Master_data!$A:$A=$A9)* (Master_data!$D:$D=2019), Master_data!$H:$H ) )*100, "" )} -> 100 | F9: =IFERROR(AVERAGE(C9,D9),"") -> 100
A10: Air India | B10: 2020 | C10: {=IFERROR( ( _xlfn.XLOOKUP(1, (Master_data!$A:$A=$A10)* (Master_data!$D:$D=$B10), Master_data!$E:$E ) / _xlfn.XLOOKUP(1, (Master_data!$A:$A=$A10)* (Master_data!$D:$D=2019), Master_data!$E:$E ) )*100, "" )} -> 107.64873 | D10: {=IFERROR( ( _xlfn.XLOOKUP(1, (Master_data!$A:$A=$A10)* (Master_data!$D:$D=$B10), Master_data!$F:$F ) / _xlfn.XLOOKUP(1, (Master_data!$A:$A=$A10)* (Master_data!$D:$D=2019), Master_data!$F:$F ) )*100, "" )} -> 101.80995 | E10: {=IFERROR( ( _xlfn.XLOOKUP(1, (Master_data!$A:$A=$A10)* (Master_data!$D:$D=$B10), Master_data!$H:$H ) / _xlfn.XLOOKUP(1, (Master_data!$A:$A=$A10)* (Master_data!$D:$D=2019), Master_data!$H:$H ) )*100, "" )} -> 96.8 | F10: =IFERROR(AVERAGE(C10,D10),"") -> 104.72934
A11: Air India | B11: 2021 | C11: {=IFERROR( ( _xlfn.XLOOKUP(1, (Master_data!$A:$A=$A11)* (Master_data!$D:$D=$B11), Master_data!$E:$E ) / _xlfn.XLOOKUP(1, (Master_data!$A:$A=$A11)* (Master_data!$D:$D=2019), Master_data!$E:$E ) )*100, "" )} -> 45.609065 | D11: {=IFERROR( ( _xlfn.XLOOKUP(1, (Master_data!$A:$A=$A11)* (Master_data!$D:$D=$B11), Master_data!$F:$F ) / _xlfn.XLOOKUP(1, (Master_data!$A:$A=$A11)* (Master_data!$D:$D=2019), Master_data!$F:$F ) )*100, "" )} -> 28.506787 | E11: {=IFERROR( ( _xlfn.XLOOKUP(1, (Master_data!$A:$A=$A11)* (Master_data!$D:$D=$B11), Master_data!$H:$H ) / _xlfn.XLOOKUP(1, (Master_data!$A:$A=$A11)* (Master_data!$D:$D=2019), Master_data!$H:$H ) )*100, "" )} -> 96.8 | F11: =IFERROR(AVERAGE(C11,D11),"") -> 37.057926
A12: Air India | B12: 2022 | C12: {=IFERROR( ( _xlfn.XLOOKUP(1, (Master_data!$A:$A=$A12)* (Master_data!$D:$D=$B12), Master_data!$E:$E ) / _xlfn.XLOOKUP(1, (Master_data!$A:$A=$A12)* (Master_data!$D:$D=2019), Master_data!$E:$E ) )*100, "" )} -> 74.787535 | D12: {=IFERROR( ( _xlfn.XLOOKUP(1, (Master_data!$A:$A=$A12)* (Master_data!$D:$D=$B12), Master_data!$F:$F ) / _xlfn.XLOOKUP(1, (Master_data!$A:$A=$A12)* (Master_data!$D:$D=2019), Master_data!$F:$F ) )*100, "" )} -> 52.036199 | E12: {=IFERROR( ( _xlfn.XLOOKUP(1, (Master_data!$A:$A=$A12)* (Master_data!$D:$D=$B12), Master_data!$H:$H ) / _xlfn.XLOOKUP(1, (Master_data!$A:$A=$A12)* (Master_data!$D:$D=2019), Master_data!$H:$H ) )*100, "" )} -> 90.4 | F12: =IFERROR(AVERAGE(C12,D12),"") -> 63.411867
A13: Air India | B13: 2023 | C13: {=IFERROR( ( _xlfn.XLOOKUP(1, (Master_data!$A:$A=$A13)* (Master_data!$D:$D=$B13), Master_data!$E:$E ) / _xlfn.XLOOKUP(1, (Master_data!$A:$A=$A13)* (Master_data!$D:$D=2019), Master_data!$E:$E ) )*100, "" )} -> 118.4136 | D13: {=IFERROR( ( _xlfn.XLOOKUP(1, (Master_data!$A:$A=$A13)* (Master_data!$D:$D=$B13), Master_data!$F:$F ) / _xlfn.XLOOKUP(1, (Master_data!$A:$A=$A13)* (Master_data!$D:$D=2019), Master_data!$F:$F ) )*100, "" )} -> 83.710407 | E13: {=IFERROR( ( _xlfn.XLOOKUP(1, (Master_data!$A:$A=$A13)* (Master_data!$D:$D=$B13), Master_data!$H:$H ) / _xlfn.XLOOKUP(1, (Master_data!$A:$A=$A13)* (Master_data!$D:$D=2019), Master_data!$H:$H ) )*100, "" )} -> 97.6 | F13: =IFERROR(AVERAGE(C13,D13),"") -> 101.062
A14: Air India | B14: 2024 | C14: {=IFERROR( ( _xlfn.XLOOKUP(1, (Master_data!$A:$A=$A14)* (Master_data!$D:$D=$B14), Master_data!$E:$E ) / _xlfn.XLOOKUP(1, (Master_data!$A:$A=$A14)* (Master_data!$D:$D=2019), Master_data!$E:$E ) )*100, "" )} -> 251.27479 | D14: {=IFERROR( ( _xlfn.XLOOKUP(1, (Master_data!$A:$A=$A14)* (Master_data!$D:$D=$B14), Master_data!$F:$F ) / _xlfn.XLOOKUP(1, (Master_data!$A:$A=$A14)* (Master_data!$D:$D=2019), Master_data!$F:$F ) )*100, "" )} -> 110.85973 | E14: {=IFERROR( ( _xlfn.XLOOKUP(1, (Master_data!$A:$A=$A14)* (Master_data!$D:$D=$B14), Master_data!$H:$H ) / _xlfn.XLOOKUP(1, (Master_data!$A:$A=$A14)* (Master_data!$D:$D=2019), Master_data!$H:$H ) )*100, "" )} -> 116 | F14: =IFERROR(AVERAGE(C14,D14),"") -> 181.06726
... A43: Etihad Airways | B43: 2025 | C43: {=IFERROR( ( _xlfn.XLOOKUP(1, (Master_data!$A:$A=$A43)* (Master_data!$D:$D=$B43), Master_data!$E:$E ) / _xlfn.XLOOKUP(1, (Master_data!$A:$A=$A43)* (Master_data!$D:$D=2019), Master_data!$E:$E ) )*100, "" )} -> 139.28571 | D43: {=IFERROR( ( _xlfn.XLOOKUP(1, (Master_data!$A:$A=$A43)* (Master_data!$D:$D=$B43), Master_data!$F:$F ) / _xlfn.XLOOKUP(1, (Master_data!$A:$A=$A43)* (Master_data!$D:$D=2019), Master_data!$F:$F ) )*100, "" )} -> 125.71429 | E43: {=IFERROR( ( _xlfn.XLOOKUP(1, (Master_data!$A:$A=$A43)* (Master_data!$D:$D=$B43), Master_data!$H:$H ) / _xlfn.XLOOKUP(1, (Master_data!$A:$A=$A43)* (Master_data!$D:$D=2019), Master_data!$H:$H ) )*100, "" )} -> 115.84158 | F43: =IFERROR(AVERAGE(C43,D43),"") -> 132.5
